THE GARDENS,Darwin High School,Northern Territory School of Distance Education,St John's Catholic College,Darwin Middle School,,,,,,,,,,,,,
ALICE SPRINGS,Centralian Senior College,Araluen Christian College,Our Lady of the Sacred Heart Catholic College,Our Lady of the Sacred Heart College - Bath Street Campus,Our Lady of the Sacred Heart College - Sadadeen Road Campus,Alice Springs School Of The Air,Larapinta Primary School,Ross Park Primary School,Sadadeen Primary School,Centralian Middle School,Living Waters Lutheran School,St Philip's College,Yirara College,Yipirinya School,St Joseph's Catholic Flexible Learning Centre,,
ROBINSON RIVER,Kiana School,Robinson River School,,,,,,,,,,,,,,,
LITCHFIELD PARK,Woolaning School,,,,,,,,,,,,,,,,
KARAMA,Holy Family Catholic Primary School,O'Loughlin Catholic College,Karama Primary School,Manunda Terrace Primary School,,,,,,,,,,,,,
CASUARINA,Holy Spirit Catholic Primary School,The Essington International Senior College,,,,,,,,,,,,,,,
WOODROFFE,Sacred Heart Catholic Primary School,Woodroffe Primary School,,,,,,,,,,,,,,,
HUMPTY DOO,St Francis of Assisi Catholic Primary School,Taminmin College,Humpty Doo Primary School,,,,,,,,,,,,,,
KATHERINE EAST,St Joseph's Catholic College,Katherine High School,Casuarina Street Primary School,MacFarlane Primary School,,,,,,,,,,,,,
DARWIN,St Mary's Catholic Primary School,,,,,,,,,,,,,,,,
RAPID CREEK,St Paul's Catholic Primary School,The Essington School Darwin,,,,,,,,,,,,,,,
MOIL,Casuarina Senior College,Moil Primary School,,,,,,,,,,,,,,,
KATHERINE,Kintore Street School,Katherine School Of The Air,Clyde Fenton Primary School,,,,,,,,,,,,,,
MARRARA,NT Christian College,Marrara Christian College,,,,,,,,,,,,,,,
SANDOVER,Arlparra School,,,,,,,,,,,,,,,,
MAPURU,Mapuru Christian School,,,,,,,,,,,,,,,,
IMANPA,Nyangatjatjara College - Imanpa Campus,Imanpa School,,,,,,,,,,,,,,,
KALTUKATJARA,Nyangatjatjara College - Kaltukatjara Campus (Docker River),,,,,,,,,,,,,,,,
KINTORE,Yirara College - Kintore Campus,Walungurru School,,,,,,,,,,,,,,,
HOWARD SPRINGS,Good Shepherd Lutheran College,Howard Springs Primary School,,,,,,,,,,,,,,,
TIWI,Dripstone Middle School,,,,,,,,,,,,,,,,
NHULUNBUY,Nhulunbuy High School,Nhulunbuy Primary School,Nhulunbuy Christian College,,,,,,,,,,,,,,
NIGHTCLIFF,Nightcliff Middle School,Nightcliff Primary School,,,,,,,,,,,,,,,
DRIVER,Palmerston Senior College,Driver Primary School,,,,,,,,,,,,,,,
MALAK,Sanderson Middle School,Malak Primary School,Malak Re-Engagement Centre,,,,,,,,,,,,,,
TENNANT CREEK,Tennant Creek High School,Tennant Creek Primary School,,,,,,,,,,,,,,,
ALAWA,Alawa Primary School,Nemarluk School,,,,,,,,,,,,,,,
ANULA,Anula Primary School,,,,,,,,,,,,,,,,
BAKEWELL,Bakewell Primary School,,,,,,,,,,,,,,,,
FREDS PASS,Bees Creek Primary School,Sattler Christian College,,,,,,,,,,,,,,,
BERRY SPRINGS,Berry Springs Primary School,,,,,,,,,,,,,,,,
GILLEN,Bradshaw Primary School,Gillen Primary School,,,,,,,,,,,,,,,
BRAITLING,Braitling Primary School,,,,,,,,,,,,,,,,
DURACK,Durack Primary School,,,,,,,,,,,,,,,,
GIRRAWEEN,Girraween Primary School,,,,,,,,,,,,,,,,
GRAY,Gray Primary School,Good Shepherd Lutheran College - Palmerston Campus,,,,,,,,,,,,,,,
JINGILI,Jingili Primary School,,,,,,,,,,,,,,,,
KATHERINE SOUTH,Katherine South Primary School,,,,,,,,,,,,,,,,
LARRAKEYAH,Larrakeyah Primary School,,,,,,,,,,,,,,,,
LEANYER,Leanyer Primary School,Good Shepherd Lutheran College - St Andrews Campus,,,,,,,,,,,,,,,
LUDMILLA,Ludmilla Primary School,,,,,,,,,,,,,,,,
MILLNER,Millner Primary School,,,,,,,,,,,,,,,,
MOULDEN,Moulden Primary School,,,,,,,,,,,,,,,,
NAKARA,Nakara Primary School,,,,,,,,,,,,,,,,
PARAP,Parap Primary School,,,,,,,,,,,,,,,,
STUART PARK,Stuart Park Primary School,,,,,,,,,,,,,,,,
WAGAMAN,Wagaman Primary School,,,,,,,,,,,,,,,,
WANGURI,Wanguri Primary School,Henbury School,,,,,,,,,,,,,,,
WULAGI,Wulagi Primary School,,,,,,,,,,,,,,,,
ALYANGULA,Alyangula Area School,,,,,,,,,,,,,,,,
BATCHELOR,Batchelor Area School,Woolaning Homeland Christian College,,,,,,,,,,,,,,,
JABIRU,Jabiru Area School,,,,,,,,,,,,,,,,
ALI CURUNG,Alekarenge School,Murray Downs School,,,,,,,,,,,,,,,
ANGURUGU,Angurugu School,,,,,,,,,,,,,,,,
BORROLOOLA,Borroloola School,,,,,,,,,,,,,,,,
GAPUWIYAK,Gapuwiyak School,,,,,,,,,,,,,,,,
GUNBALANYA,Gunbalanya School,,,,,,,,,,,,,,,,
KALKARINDJI,Kalkaringi School,,,,,,,,,,,,,,,,
LAJAMANU,Lajamanu School,,,,,,,,,,,,,,,,
MANINGRIDA,Maningrida College,,,,,,,,,,,,,,,,
MILINGIMBI,Milingimbi School,,,,,,,,,,,,,,,,
NGUKURR,Ngukurr School,,,,,,,,,,,,,,,,
NUMBULWAR,Numbulwar School,,,,,,,,,,,,,,,,
RAMINGINING,Ramingining School,,,,,,,,,,,,,,,,
GALIWINKU,Shepherdson College,Gawa Christian School,,,,,,,,,,,,,,,
YIRRKALA,Yirrkala School,Yirrkala Homeland School,,,,,,,,,,,,,,,
YUENDUMU,Yuendumu School,,,,,,,,,,,,,,,,
SADADEEN,Acacia Hill School,,,,,,,,,,,,,,,,
ADELAIDE RIVER,Adelaide River School,,,,,,,,,,,,,,,,
ENGAWALA,Alcoota School,,,,,,,,,,,,,,,,
ALPURRURULAM,Alpurrurulam School,,,,,,,,,,,,,,,,
AMOONGUNA,Amoonguna School,,,,,,,,,,,,,,,,
AMPILATWATJA,Ampilatwatja School,,,,,,,,,,,,,,,,
AREYONGA,Areyonga School,,,,,,,,,,,,,,,,
BARUNGA,Barunga School,,,,,,,,,,,,,,,,
BELYUEN,Belyuen School,,,,,,,,,,,,,,,,
ANATYE,Bonya School,,,,,,,,,,,,,,,,
BAINES,Bulla Camp School,,,,,,,,,,,,,,,,
BULMAN WEEMOL,Bulman School,,,,,,,,,,,,,,,,
CANTEEN CREEK,Canteen Creek School,,,,,,,,,,,,,,,,
DOUGLAS-DALY,Douglas Daly School,,,,,,,,,,,,,,,,
DUNDEE BEACH,Dundee Beach School,,,,,,,,,,,,,,,,
ELLIOTT,Elliott School,,,,,,,,,,,,,,,,
WUTUNUGURRA,Epenarra School,,,,,,,,,,,,,,,,
FINKE,Finke School,,,,,,,,,,,,,,,,
HAASTS BLUFF,Haasts Bluff School,,,,,,,,,,,,,,,,
ATITJERE,Harts Range School,,,,,,,,,,,,,,,,
JILKMINGGAN,Jilkminggan School,,,,,,,,,,,,,,,,
LARAMBA,Laramba School,,,,,,,,,,,,,,,,
PETERMANN,Watarrka School,,,,,,,,,,,,,,,,
MINJILANG,Mamaruni School,,,,,,,,,,,,,,,,
MATARANKA,Mataranka School,,,,,,,,,,,,,,,,
PAPUNYA,Mbunghara School,Papunya School,,,,,,,,,,,,,,,
MIDDLE POINT,Middle Point School,,,,,,,,,,,,,,,,
MILIKAPITI,Milikapiti School,,,,,,,,,,,,,,,,
MILYAKBURRA,Milyakburra School,,,,,,,,,,,,,,,,
MINIYERI,Minyerri School,,,,,,,,,,,,,,,,
YUELAMU,Mount Allan School,,,,,,,,,,,,,,,,
MUTITJULU,Mutitjulu School,,,,,,,,,,,,,,,,
BARROW CREEK,Neutral Junction School,,,,,,,,,,,,,,,,
NEWCASTLE WATERS,Newcastle Waters School,,,,,,,,,,,,,,,,
NGANMARRIYANGA,Nganmarriyanga School,,,,,,,,,,,,,,,,
HERMANNSBURG,Ntaria School,,,,,,,,,,,,,,,,
NYIRRIPI,Nyirripi School,,,,,,,,,,,,,,,,
PEPPIMENARTI,Peppimenarti School,Nganambala School,,,,,,,,,,,,,,,
PIGEON HOLE,Pigeon Hole School,,,,,,,,,,,,,,,,
PINE CREEK,Pine Creek School,,,,,,,,,,,,,,,,
PIRLANGIMPI,Pularumpi School,,,,,,,,,,,,,,,,
WILORA,Stirling School,,,,,,,,,,,,,,,,
TI TREE,Ti Tree School,Mulga Bore School,,,,,,,,,,,,,,,
TIMBER CREEK,Timber Creek School,Amanbidji School,,,,,,,,,,,,,,,
TIPPERARY,Tipperary Station School,,,,,,,,,,,,,,,,
TITJIKALA,Titjikala School,,,,,,,,,,,,,,,,
UMBAKUMBA,Alyarrmandumanja Umbakumba School,,,,,,,,,,,,,,,,
WILTON,Urapunga School,,,,,,,,,,,,,,,,
WALLACE ROCKHOLE,Wallace Rockhole School,,,,,,,,,,,,,,,,
WARRUWI,Warruwi School,,,,,,,,,,,,,,,,
MOUNT LIEBIG,Watiyawanu School,,,,,,,,,,,,,,,,
WILLOWRA,Willowra School,,,,,,,,,,,,,,,,
TABLELANDS,Rockhampton Downs School,,,,,,,,,,,,,,,,
DALY RIVER,Woolianna School,St Francis Xavier Catholic School,,,,,,,,,,,,,,,
BESWICK,Wugularr School,,,,,,,,,,,,,,,,
YARRALIN,Yarralin School,,,,,,,,,,,,,,,,
YULARA,Yulara School,Nyangatjatjara College,,,,,,,,,,,,,,,
EVA VALLEY,Manyallaluk School,,,,,,,,,,,,,,,,
EAST ARNHEM,Baniyala Garrangali School,,,,,,,,,,,,,,,,
SANTA TERESA,Ltyentye Apurte Catholic School,,,,,,,,,,,,,,,,
BATHURST ISLAND,Murrupurtiyanuwu Catholic Primary School,Xavier Catholic College,,,,,,,,,,,,,,,
WADEYE,Our Lady of the Sacred Heart Thamarrurr Catholic College,,,,,,,,,,,,,,,,
BERRIMAH,Kormilda College,Milkwood Steiner School,,,,,,,,,,,,,,,
MARLOW LAGOON,Palmerston Christian School,,,,,,,,,,,,,,,,
ROSS,Alice Springs Steiner School,,,,,,,,,,,,,,,,
TIWI ISLANDS,Tiwi College,,,,,,,,,,,,,,,,
ROSEBERY,Rosebery Primary School,Rosebery Middle School,St Joseph's Catholic School,Rosebery District High School,,,,,,,,,,,,,
JOHNSTON,MacKillop Catholic College,,,,,,,,,,,,,,,,
BELLAMACK,Forrest Parade School,,,,,,,,,,,,,,,,
FULLARTON,Sunrise Christian School,,,,,,,,,,,,,,,,
PORT NEILL,Port Neill Primary School,,,,,,,,,,,,,,,,
TORRENSVILLE,Thebarton Senior College,Torrensville Primary School,,,,,,,,,,,,,,,
PENNESHAW,Kangaroo Island Community Education - Penneshaw Campus,,,,,,,,,,,,,,,,
GOLDEN GROVE,Pedare Christian College - Primary School Campus,Golden Grove High School,Golden Grove Primary School,Gleeson College,Pedare Christian College,,,,,,,,,,,,
MOUNT GAMBIER,Meridian School - Mount Gambier Campus,Reidy Park Primary School,Mount Gambier High School,Grant High School,Mount Gambier North Primary School,Gordon Education Centre,Mulga Street Primary School,Tenison Woods College,St Martins Lutheran College,McDonald Park School,Melaleuca Park Primary School,,,,,,
MARION,Sunrise Christian School - Marion Campus,Marion Primary School,Westminster School,,,,,,,,,,,,,,
ADELAIDE,Muirden Senior College,Eynesbury Senior College,Gilles Street Primary School,Adelaide High School,Sturt Street Community School,Christian Brothers' College,St Aloysius College,St Mary's College,Pulteney Grammar School,Christian Brothers' College - Junior Campus,Eynesbury College,Specialised Assistance School For Youth (SASY),University Senior College at Adelaide University - Rundle Mall Campus,,,,
SOMERTON PARK,Sacred Heart College,,,,,,,,,,,,,,,,
ELIZABETH,Northern Adelaide Senior College,Playford International College,Kaurna Plains School,Playford College,,,,,,,,,,,,,
MARDEN,Marden Senior College,Open Access College,,,,,,,,,,,,,,,
WHYALLA NORRIE,Edward John Eyre High School,Whyalla Special Education Centre,Nicolson Avenue Primary School,Hincks Avenue Primary School,Fisk Street Primary School,Long Street Primary School,"Sunrise Christian School, Whyalla",,,,,,,,,,
POINT PEARCE,Central Yorke School - Point Pearce Campus,,,,,,,,,,,,,,,,
PORT LINCOLN,Port Lincoln Junior Primary School,Port Lincoln Primary School,Port Lincoln High School,Kirton Point Primary School,Lincoln Gardens Primary School,Port Lincoln Special School,St Joseph's School,Navigator College,,,,,,,,,
CAVAN,Youth Education Centre - Goldsborough Road Campus (Cavan),Youth Education Centre - Jonal Drive Campus (Cavan),,,,,,,,,,,,,,,
BEDFORD PARK,Australian Science and Mathematics School,,,,,,,,,,,,,,,,
ADELAIDE UNIVERSITY,University Senior College at Adelaide University,,,,,,,,,,,,,,,,
EDINBURGH NORTH,St Patrick's Technical College,,,,,,,,,,,,,,,,
CHRISTIE DOWNS,Marcellin Technical College,Christies Beach High School and Southern Vocational College,Lonsdale Heights Primary School,Christie Downs Primary School,FAME - Flexible Accredited Meaningful Engagement,,,,,,,,,,,,
KENSINGTON,St Joseph's Memorial School - Junior Primary Campus,Marryatville Primary School,Mary MacKillop College,,,,,,,,,,,,,,
NORWOOD,Saint Ignatius' College - Junior School Campus,Norwood Primary School,St Joseph's Memorial School,Queechy High School,Norwood Primary School,,,,,,,,,,,,
MILE END,St George College - Junior Campus,Temple Christian College,St George College,,,,,,,,,,,,,,
BEVERLEY,St Michael's College - Primary Campus,,,,,,,,,,,,,,,,
PORT PIRIE,St Mark's College - Benedict Campus,Mid North Education Centre,Port Pirie West Primary School,Solomontown Primary School,Risdon Park Primary School,John Pirie Secondary School,Airdale Primary School,St Mark's College,Mid North Christian College,,,,,,,,
EVANSTON SOUTH,Trinity College Senior,Trinity College South,Trinity College North,,,,,,,,,,,,,,
WHYALLA STUART,Samaritan College - Our Lady Help of Christians Campus,Whyalla Stuart Campus R-7,Stuart High School,,,,,,,,,,,,,,
WHYALLA,Samaritan College - St Teresa's Campus,Whyalla Town Primary School,Memorial Oval Primary School,Whyalla High School,Samaritan College,,,,,,,,,,,,
FLINDERS PARK,Nazareth Catholic College - Secondary Campus,Flinders Park Primary School,Our Lady of La Vang School,,,,,,,,,,,,,,
ELIZABETH EAST,Pinnacle College - Elizabeth East Campus,Elizabeth East Primary School,,,,,,,,,,,,,,,
SMITHFIELD PLAINS,John Hartley School (B-7),,,,,,,,,,,,,,,,
MINDARIE,East Murray Area School,,,,,,,,,,,,,,,,
COROMANDEL VALLEY,Coromandel Valley Primary School,,,,,,,,,,,,,,,,
COWANDILLA,Cowandilla Primary School,,,,,,,,,,,,,,,,
CRAFERS,Crafers Primary School,,,,,,,,,,,,,,,,
CRYSTAL BROOK,Crystal Brook Primary School,,,,,,,,,,,,,,,,
CURRAMULKA,Curramulka Primary School,,,,,,,,,,,,,,,,
MURRAY BRIDGE,Murray Bridge Special School,Murray Bridge North School,Murray Bridge High School,Murray Bridge South Primary School,Fraser Park Primary School,St Joseph's School,Tyndale Christian School Murray Bridge,Unity College,,,,,,,,,
ECHUNGA,Echunga Primary School,,,,,,,,,,,,,,,,
EDEN HILLS,Eden Hills Primary School,Blackwood Primary School,Blackwood High School,,,,,,,,,,,,,,
MELROSE PARK,Edwardstown Primary School,,,,,,,,,,,,,,,,
ELLISTON,Elliston Area School,,,,,,,,,,,,,,,,
LENSWOOD,Lenswood Primary School,,,,,,,,,,,,,,,,
FRANCES,Frances Primary School,,,,,,,,,,,,,,,,
FREELING,Freeling Primary School,,,,,,,,,,,,,,,,
GAWLER,Gawler Primary School,,,,,,,,,,,,,,,,
EVANSTON GARDENS,Evanston Gardens Primary School,,,,,,,,,,,,,,,,
GERANIUM,Geranium Primary School,,,,,,,,,,,,,,,,
GLADSTONE,Gladstone Primary School,Gladstone High School,St Joseph's Parish School,,,,,,,,,,,,,,
GLENBURNIE,Glenburnie Primary School,,,,,,,,,,,,,,,,
MYRTLE BANK,Glen Osmond Primary School,,,,,,,,,,,,,,,,
GLOSSOP,Glossop Primary Community School K-7,Glossop High School,Rivergum Christian College,Glossop High School - Middle Campus,,,,,,,,,,,,,
GOODWOOD,Goodwood Primary School,St Thomas' School,,,,,,,,,,,,,,,
GOOLWA,Goolwa Primary School,Investigator College - Goolwa Campus,,,,,,,,,,,,,,,
GREENOCK,Greenock Primary School,,,,,,,,,,,,,,,,
GUMERACHA,Gumeracha Primary School,,,,,,,,,,,,,,,,
HAHNDORF,Hahndorf Primary School,St Michael's Lutheran School,,,,,,,,,,,,,,,
HAMLEY BRIDGE,Hamley Bridge Primary School,,,,,,,,,,,,,,,,
ROSE PARK,Rose Park Primary School,,,,,,,,,,,,,,,,
HAPPY VALLEY,Happy Valley Primary School,Braeview School R-7,,,,,,,,,,,,,,,
HAWKER,Hawker Area School,,,,,,,,,,,,,,,,
HEATHFIELD,Heathfield Primary School,Heathfield High School,,,,,,,,,,,,,,,
HENLEY BEACH SOUTH,Henley Beach Primary School,,,,,,,,,,,,,,,,
NORTH ADELAIDE,North Adelaide Primary School,St Dominic's Priory College,,,,,,,,,,,,,,,
JERVOIS,Jervois Primary School,,,,,,,,,,,,,,,,
KALANGADOO,Kalangadoo Primary School,,,,,,,,,,,,,,,,
KANGARILLA,Kangarilla Primary School,,,,,,,,,,,,,,,,
KAPUNDA,Kapunda Primary School,Kapunda High School,,,,,,,,,,,,,,,
QUEENSTOWN,Alberton Primary School,St Joseph's Catholic School,Mountain Heights School,,,,,,,,,,,,,,
KERSBROOK,Kersbrook Primary School,,,,,,,,,,,,,,,,
KEYNETON,Keyneton Primary School,,,,,,,,,,,,,,,,
WEST CROYDON,Kilkenny Primary School,Adelaide Secondary School of English,,,,,,,,,,,,,,,
KINGSTON ON MURRAY,Kingston-on-Murray Primary School,,,,,,,,,,,,,,,,
ALDGATE,Aldgate Primary School,The Hills Montessori School - Yultiwirra Campus,The Hills Montessori School - Wairoa Campus,,,,,,,,,,,,,,
KONGORONG,Kongorong Primary School,,,,,,,,,,,,,,,,
KOOLUNGA,Koolunga Primary School,,,,,,,,,,,,,,,,
LANGHORNE CREEK,Eastern Fleurieu R-12 School - Langhorne Creek R-6 Campus,,,,,,,,,,,,,,,,
LARGS BAY,Largs Bay School,,,,,,,,,,,,,,,,
LAURA,Laura Primary School,,,,,,,,,,,,,,,,
BIRKENHEAD,Le Fevre Peninsula Primary School,,,,,,,,,,,,,,,,
ALDINGA,Aldinga Beach B-7 School,Galilee Catholic School,,,,,,,,,,,,,,,
LIGHT PASS,Light Pass Primary School,,,,,,,,,,,,,,,,
LITTLEHAMPTON,Littlehampton Primary School,,,,,,,,,,,,,,,,
LOBETHAL,Lobethal Primary School,Lobethal Lutheran School,,,,,,,,,,,,,,,
LOCK,Lock Area School,,,,,,,,,,,,,,,,
BROOKLYN PARK,Lockleys Primary School,St John Bosco School,,,,,,,,,,,,,,,
LYNDOCH,Lyndoch Primary School,St Jakobi Lutheran School,,,,,,,,,,,,,,,
MACCLESFIELD,Macclesfield Primary School,,,,,,,,,,,,,,,,
MALLALA,Mallala Primary School,,,,,,,,,,,,,,,,
ANGASTON,Angaston Primary School,Good Shepherd Lutheran School,,,,,,,,,,,,,,,
MANOORA,Manoora Primary School,,,,,,,,,,,,,,,,
MARREE,Marree Aboriginal School,,,,,,,,,,,,,,,,
MCLAREN FLAT,McLaren Flat Primary School,,,,,,,,,,,,,,,,
MCLAREN VALE,McLaren Vale Primary School,Tatachilla Lutheran College,,,,,,,,,,,,,,,
MEADOWS,Meadows Primary School,,,,,,,,,,,,,,,,
MELROSE,Melrose Primary School,,,,,,,,,,,,,,,,
ANGLE VALE,Angle Vale Primary School,Trinity College Gawler River,,,,,,,,,,,,,,,
MILANG,Eastern Fleurieu R-12 School - Milang R-6 Campus,,,,,,,,,,,,,,,,
MIL-LEL,Mil Lel Primary School,,,,,,,,,,,,,,,,
KINGSWOOD,Mitcham Primary School,Mitcham Girls High School,St Joseph's School,,,,,,,,,,,,,,
MODBURY NORTH,Modbury School Preschool to Year 7,,,,,,,,,,,,,,,,
MONASH,Monash Primary School,,,,,,,,,,,,,,,,
MOORAK,Moorak Primary School,,,,,,,,,,,,,,,,
MOOROOK,Moorook Primary School,,,,,,,,,,,,,,,,
MORGAN,Morgan Primary School,,,,,,,,,,,,,,,,
MOUNT BARKER,Mount Barker Primary School,Mount Barker High School,Mount Barker South Primary School,St Francis de Sales College,Cornerstone College,Mount Barker Waldorf School,St Mark's Lutheran School,,,,,,,,,,
MOUNT BURR,Mount Burr Primary School,,,,,,,,,,,,,,,,
MOUNT COMPASS,Mount Compass Area School,,,,,,,,,,,,,,,,
MOUNT PLEASANT,Mount Pleasant Primary School,,,,,,,,,,,,,,,,
MUNDULLA,Mundulla Primary School,,,,,,,,,,,,,,,,
MYLOR,Mylor Primary School,,,,,,,,,,,,,,,,
MYPOLONGA,Mypolonga Primary School,,,,,,,,,,,,,,,,
MYPONGA,Myponga Primary School,,,,,,,,,,,,,,,,
NAILSWORTH,Nailsworth Primary School,,,,,,,,,,,,,,,,
NAIRNE,Nairne Primary School,,,,,,,,,,,,,,,,
NAPPERBY,Napperby Primary School,,,,,,,,,,,,,,,,
NARACOORTE,Naracoorte Primary School,Naracoorte High School,Naracoorte South Primary School,Sunrise Christian School - Naracoorte Campus,,,,,,,,,,,,,
OLD NOARLUNGA,Old Noarlunga Primary School,,,,,,,,,,,,,,,,
NORTHFIELD,Northfield Primary School,Roma Mitchell Secondary College - Hampstead Road Co-Ed Campus,,,,,,,,,,,,,,,
NORTON SUMMIT,Norton Summit Primary School,,,,,,,,,,,,,,,,
NURIOOTPA,Nuriootpa Primary School,Nuriootpa High School,Redeemer Lutheran School,,,,,,,,,,,,,,
ONE TREE HILL,One Tree Hill Primary School,,,,,,,,,,,,,,,,
MORPHETT VALE,Coorara Primary School,Wirreanda Secondary School,Pimpala Primary School,Flaxmill School P-7,Morphett Vale East School R-7,Antonio Catholic School,Calvary Lutheran Primary School,Woodcroft College,Sunrise Christian School - Morphett Vale Campus,Prescott College Southern,Southern Vales Christian College - Morphett Vale Campus,Morphett Vale Primary School,,,,,
OODNADATTA,Oodnadatta Aboriginal School,,,,,,,,,,,,,,,,
OWEN,Owen Primary School,,,,,,,,,,,,,,,,
PALMER,Palmer Primary School,,,,,,,,,,,,,,,,
PARACOMBE,Paracombe Primary School,,,,,,,,,,,,,,,,
PARKSIDE,Parkside Primary School,St Raphael's School,,,,,,,,,,,,,,,
PENNINGTON,Pennington School R-7,Our Lady of Mount Carmel Parish School,,,,,,,,,,,,,,,
PENONG,Penong Primary School,,,,,,,,,,,,,,,,
PETERBOROUGH,Peterborough Primary School,Peterborough High School,St Joseph's School,,,,,,,,,,,,,,
PARK HOLME,Ascot Park Primary School,SA School for Vision Impaired,Kilparrin Teaching and Assessment School and Services,Dara Village School,,,,,,,,,,,,,
ASHBOURNE,Eastern Fleurieu R-12 School - Ashbourne R-6 Campus,,,,,,,,,,,,,,,,
PLYMPTON,Plympton Primary School,Plympton International College,Errington Special Education Centre,St John the Baptist Catholic School,,,,,,,,,,,,,
POONINDIE,Poonindie Community Learning Centre,,,,,,,,,,,,,,,,
POORAKA,Pooraka Primary School,,,,,,,,,,,,,,,,
PORT AUGUSTA WEST,Port Augusta West Primary School,Flinders View Primary School,Caritas College,,,,,,,,,,,,,,
PORT ELLIOT,Port Elliot Primary School,,,,,,,,,,,,,,,,
PORT NOARLUNGA,Port Noarlunga Primary School,,,,,,,,,,,,,,,,
PORT WAKEFIELD,Port Wakefield Primary School,,,,,,,,,,,,,,,,
PROSPECT,Prospect Primary School,Blackfriars Priory School,Rosary School,Prescott College,Prospect North Primary School,Prospect High School,St Patrick's College,St Patrick’s College - Croagh Patrick Centre,,,,,,,,,
RAMCO,Ramco Primary School,,,,,,,,,,,,,,,,
RENDELSHAM,Rendelsham Primary School,,,,,,,,,,,,,,,,
RENMARK,Renmark Primary School,Renmark West Primary School,Renmark High School,St Joseph's School,,,,,,,,,,,,,
RENMARK NORTH,Renmark North Primary School,,,,,,,,,,,,,,,,
OLD REYNELLA,Reynella Primary School,,,,,,,,,,,,,,,,
KESWICK,Richmond Primary School,,,,,,,,,,,,,,,,
RIVERTON,Riverton Primary School,Riverton and District High School,,,,,,,,,,,,,,,
ROBE,Robe Primary School,,,,,,,,,,,,,,,,
ROBERTSTOWN,Robertstown Primary School,,,,,,,,,,,,,,,,
ROSEWORTHY,Roseworthy Primary School,,,,,,,,,,,,,,,,
SADDLEWORTH,Saddleworth Primary School,,,,,,,,,,,,,,,,
GLENELG NORTH,St Leonards Primary School,,,,,,,,,,,,,,,,
SALISBURY,Salisbury Primary School,St Augustine's Parish School,,,,,,,,,,,,,,,
COCKATOO VALLEY,Sandy Creek Primary School,,,,,,,,,,,,,,,,
SCOTT CREEK,Scott Creek Primary School,,,,,,,,,,,,,,,,
SEATON,Seaton Park Primary School,Seaton High School,,,,,,,,,,,,,,,
SPALDING,Spalding Primary School,,,,,,,,,,,,,,,,
SPRINGTON,Springton Primary School,,,,,,,,,,,,,,,,
STANSBURY,Stansbury Primary School,,,,,,,,,,,,,,,,
STIRLING,Stirling East Primary School,St Catherine's School,,,,,,,,,,,,,,,
STRATHALBYN,Eastern Fleurieu R-12 School - Strathalbyn R-6 Campus,Eastern Fleurieu R-12 School,Tyndale Christian School Strathalbyn,Eastern Fleurieu R-12 School - Strathalbyn 7-12 Campus,,,,,,,,,,,,,
ATHELSTONE,Athelstone School,Thorndon Park Primary School,Saint Ignatius' College - Senior School Campus,,,,,,,,,,,,,,
SUTTONTOWN,Suttontown Primary School,Compton Primary School,,,,,,,,,,,,,,,
SWAN REACH,Swan Reach Area School,,,,,,,,,,,,,,,,
TAILEM BEND,Tailem Bend Primary School,,,,,,,,,,,,,,,,
AUBURN,Auburn Primary School,,,,,,,,,,,,,,,,
TANTANOOLA,Tantanoola Primary School,,,,,,,,,,,,,,,,
TANUNDA,Tanunda Primary School,Faith Lutheran College,Tanunda Lutheran School,,,,,,,,,,,,,,
TARLEE,Tarlee Primary School,,,,,,,,,,,,,,,,
TEA TREE GULLY,Tea Tree Gully Primary School,Saint David's Parish School,,,,,,,,,,,,,,,
TINTINARA,Tintinara Area School,,,,,,,,,,,,,,,,
TRURO,Truro Primary School,,,,,,,,,,,,,,,,
TWO WELLS,Two Wells Primary School,,,,,,,,,,,,,,,,
UNGARRA,Ungarra Primary School,,,,,,,,,,,,,,,,
UNLEY,Unley Primary School,Saint Spyridon College,,,,,,,,,,,,,,,
UPPER STURT,Upper Sturt Primary School,,,,,,,,,,,,,,,,
URAIDLA,Uraidla Primary School,,,,,,,,,,,,,,,,
VICTOR HARBOR,Victor Harbor R-7 School,Victor Harbor High School,Encounter Lutheran College,Investigator College - Victor Harbor Campus,,,,,,,,,,,,,
VIRGINIA,Virginia Primary School,,,,,,,,,,,,,,,,
WAIKERIE,Waikerie Primary School,Waikerie High School,Waikerie Lutheran Primary School,,,,,,,,,,,,,,
WALKERVILLE,Walkerville Primary School,St Monica's Parish School,St Andrew's School,St Andrew's School - 19-21 Smith Street Campus,,,,,,,,,,,,,
WALLAROO,Wallaroo Primary School,St Mary MacKillop School,,,,,,,,,,,,,,,
KADINA,Wallaroo Mines Primary School,Kadina Memorial School,Harvest Christian College,,,,,,,,,,,,,,
WAROOKA,Warooka Primary School,,,,,,,,,,,,,,,,
WASLEYS,Wasleys Primary School,,,,,,,,,,,,,,,,
WATERVALE,Watervale Primary School,,,,,,,,,,,,,,,,
ALLENBY GARDENS,Allenby Gardens Primary School,,,,,,,,,,,,,,,,
TRINITY GARDENS,Trinity Gardens School,,,,,,,,,,,,,,,,
WESTBOURNE PARK,Westbourne Park Primary School,,,,,,,,,,,,,,,,
MUNNO PARA WEST,Adelaide North Special School,Mark Oliphant College (B-12),,,,,,,,,,,,,,,
BALAKLAVA,Balaklava Primary School,Balaklava High School,Horizon Christian School,,,,,,,,,,,,,,
WILLIAMSTOWN,Williamstown Primary School,,,,,,,,,,,,,,,,
WILMINGTON,Wilmington Primary School,,,,,,,,,,,,,,,,
WIRRABARA,Wirrabara Primary School,,,,,,,,,,,,,,,,
WOODSIDE,Woodside Primary School,,,,,,,,,,,,,,,,
WOODVILLE SOUTH,Woodville Primary School,,,,,,,,,,,,,,,,
YAHL,Yahl Primary School,,,,,,,,,,,,,,,,
BARMERA,Barmera Primary School,St Joseph's School,,,,,,,,,,,,,,,
ANDAMOOKA,Andamooka Primary School,,,,,,,,,,,,,,,,
BASKET RANGE,Basket Range Primary School,,,,,,,,,,,,,,,,
BEACHPORT,Beachport Primary School,,,,,,,,,,,,,,,,
BELAIR,Belair Primary School,St John's Grammar School - Sheoak Road Campus,St John's Grammar School,,,,,,,,,,,,,,
BERRI,Berri Primary School,Riverland Special School,Our Lady of the River School,Glossop High School - Senior Campus,,,,,,,,,,,,,
WYNN VALE,Wynn Vale R-7 School,Keithcot Farm Primary School,St Francis Xavier's Regional Catholic School,Golden Grove Lutheran Primary School,King's Baptist Grammar School,,,,,,,,,,,,
ABERFOYLE PARK,Aberfoyle Hub R-7 School,Thiele Primary School,Aberfoyle Park High School,School of the Nativity,Our Saviour Lutheran School,Pilgrim School,Meridian School - Aberfoyle Campus,,,,,,,,,,
PARAFIELD GARDENS,Parafield Gardens R-7 School,Karrendi Primary School,Parafield Gardens High School,The Pines School,Holy Family Catholic School,Garden College,,,,,,,,,,,
BIRDWOOD,Birdwood Primary School,Birdwood High School,,,,,,,,,,,,,,,
BLACK FOREST,Black Forest Primary School,,,,,,,,,,,,,,,,
WANGARY,Lake Wangary Primary School,,,,,,,,,,,,,,,,
BLANCHETOWN,Blanchetown Primary School,,,,,,,,,,,,,,,,
PARA HILLS WEST,Para Hills High School,Para Hills West Primary School,,,,,,,,,,,,,,,
BLYTH,Blyth Primary School,,,,,,,,,,,,,,,,
NANGWARRY,Nangwarry Primary School,,,,,,,,,,,,,,,,
PADTHAWAY,Padthaway Primary School,,,,,,,,,,,,,,,,
HOPE VALLEY,Highbury Primary School,Modbury South Primary School,Modbury Special School,Torrens Valley Christian School,,,,,,,,,,,,,
BOOBOROWIE,Booborowie Primary School,,,,,,,,,,,,,,,,
MILLICENT,Millicent North Primary School,Millicent High School,Newbery Park Primary School,St Anthony's Catholic Primary School,,,,,,,,,,,,,
SALISBURY EAST,Keller Road Primary School,Madison Park School,Salisbury East High School,Tyndale Christian School,,,,,,,,,,,,,
BRIDGEWATER,Bridgewater Primary School,St Paul's Catholic School,Northern Christian School,JRLF - Senior School,JRLF - East Derwent Primary School,,,,,,,,,,,,
BRIGHTON,Brighton Primary School,St Teresa's School,Brighton Primary School,,,,,,,,,,,,,,
HALLETT COVE,Hallett Cove School,Hallett Cove East Primary School,Hallett Cove South Primary School,,,,,,,,,,,,,,
SEAFORD,Seaford Secondary College,Moana Primary School,All Saints Catholic Primary School,,,,,,,,,,,,,,
RENOWN PARK,Brompton Primary School,,,,,,,,,,,,,,,,
LINDEN PARK,Linden Park Primary School,,,,,,,,,,,,,,,,
RAPID BAY,Rapid Bay Primary School,,,,,,,,,,,,,,,,
CADELL,Cadell Primary School,,,,,,,,,,,,,,,,
SOUTH PLYMPTON,Forbes Primary School,Emmaus Christian College,,,,,,,,,,,,,,,
ENFIELD,Enfield Primary School,Our Lady of the Sacred Heart College,St Gabriel's School,Roma Mitchell Secondary College - Grand Junction Co-Ed Campus,,,,,,,,,,,,,
SALISBURY NORTH,Salisbury North R-7 School,Salisbury High School,Lake Windemere B-7 School,Bowden Brompton Community School - Little Para Campus,,,,,,,,,,,,,
HILLCREST,Hillcrest Primary School,Windsor Gardens School B-12 - Beatty Avenue Campus,,,,,,,,,,,,,,,
SEACOMBE GARDENS,Darlington Primary School,Stella Maris Parish School,,,,,,,,,,,,,,,
NORTH BRIGHTON,Paringa Park Primary School,Brighton Secondary School,,,,,,,,,,,,,,,
ROYAL PARK,Hendon Primary School,,,,,,,,,,,,,,,,
LOXTON NORTH,Loxton North Primary School,,,,,,,,,,,,,,,,
PORT AUGUSTA,Willsden Primary School,Port Augusta Secondary School,Carlton School,Augusta Park Primary School,Port Augusta Special School,Open Access College - Port Augusta School of the Air Campus,Seaview Christian College,,,,,,,,,,
ELIZABETH SOUTH,Elizabeth South Primary School,,,,,,,,,,,,,,,,
GREENACRES,Hampstead Primary School,St Martin's Catholic Primary School,,,,,,,,,,,,,,,
BURNSIDE,Burnside Primary School,,,,,,,,,,,,,,,,
BUTE,Bute Primary School,,,,,,,,,,,,,,,,
CALLINGTON,Callington Primary School,,,,,,,,,,,,,,,,
KILKENNY,Challa Gardens Primary School,,,,,,,,,,,,,,,,
CLARE,Clare Primary School,Clare High School,St Joseph's School,Vineyard Lutheran School,,,,,,,,,,,,,
CLARENDON,Clarendon Primary School,,,,,,,,,,,,,,,,
COBDOGLA,Cobdogla Primary School,,,,,,,,,,,,,,,,
COLONEL LIGHT GARDENS,Colonel Light Gardens Primary School,St Therese Primary School,,,,,,,,,,,,,,,
COOMANDOOK,Coomandook Area School,,,,,,,,,,,,,,,,
COONALPYN,Coonalpyn Primary School,,,,,,,,,,,,,,,,
ARDROSSAN,Ardrossan Area School,,,,,,,,,,,,,,,,
BORDERTOWN,Bordertown Primary School,Bordertown High School,,,,,,,,,,,,,,,
CEDUNA,Ceduna Area School,Crossways Lutheran School,,,,,,,,,,,,,,,
COWELL,Cowell Area School,,,,,,,,,,,,,,,,
KIMBA,Kimba Area School,,,,,,,,,,,,,,,,
KINGSTON SE,Kingston Community School,,,,,,,,,,,,,,,,
ORROROO,Orroroo Area School,,,,,,,,,,,,,,,,
PORT BROUGHTON,Port Broughton Area School,,,,,,,,,,,,,,,,
SNOWTOWN,Snowtown Primary School,,,,,,,,,,,,,,,,
TUMBY BAY,Tumby Bay Area School,,,,,,,,,,,,,,,,
WILLUNGA,Willunga Primary School,Willunga High School,Willunga Waldorf School,,,,,,,,,,,,,,
STREAKY BAY,Streaky Bay Area School,,,,,,,,,,,,,,,,
WOOMERA,Woomera Area School,,,,,,,,,,,,,,,,
CAMBRAI,Cambrai Primary School,,,,,,,,,,,,,,,,
LEIGH CREEK,Leigh Creek Area School,,,,,,,,,,,,,,,,
LUCINDALE,Lucindale Area School,,,,,,,,,,,,,,,,
MENINGIE,Meningie Area School,,,,,,,,,,,,,,,,
ALLENDALE EAST,Allendale East Area School,,,,,,,,,,,,,,,,
BRINKWORTH,Brinkworth Primary School,,,,,,,,,,,,,,,,
CLEVE,Cleve Area School,,,,,,,,,,,,,,,,
CUMMINS,Cummins Area School,,,,,,,,,,,,,,,,
EUDUNDA,Eudunda Area School,St John's Lutheran School,,,,,,,,,,,,,,,
KAROONDA,Karoonda Area School,,,,,,,,,,,,,,,,
KEITH,Keith Area School,,,,,,,,,,,,,,,,
KINGSCOTE,Kangaroo Island Community Education,Kangaroo Island Community Education - Kingscote Campus,,,,,,,,,,,,,,,
LAMEROO,Lameroo Regional Community School,,,,,,,,,,,,,,,,
LOXTON,Loxton Primary School,Loxton High School,St Albert's Catholic School,Loxton Lutheran School,,,,,,,,,,,,,
MAITLAND,Central Yorke School,Maitland Lutheran School,,,,,,,,,,,,,,,
OAKBANK,Oakbank Area School,The Hills Christian Community School - Secondary Campus,,,,,,,,,,,,,,,
PENOLA,Penola Primary School,Penola High School,Mary MacKillop Memorial School,,,,,,,,,,,,,,
PINNAROO,Pinnaroo Primary School,,,,,,,,,,,,,,,,
WUDINNA,Wudinna Area School,,,,,,,,,,,,,,,,
YANKALILLA,Yankalilla Area School,,,,,,,,,,,,,,,,
YORKETOWN,Yorketown Area School,St Columba's Memorial School,,,,,,,,,,,,,,,
BOOLEROO CENTRE,Booleroo Centre District School,,,,,,,,,,,,,,,,
EVANSTON,Gawler and District College B-12,St Brigid's Catholic School,,,,,,,,,,,,,,,
JAMESTOWN,Jamestown Community School,St James' School,,,,,,,,,,,,,,,
MINLATON,Minlaton District School,,,,,,,,,,,,,,,,
MAGILL,Norwood Morialta High School,Magill School,Norwood Morialta High School - Senior Campus,,,,,,,,,,,,,,
QUORN,Quorn Area School,,,,,,,,,,,,,,,,
NETHERBY,Unley High School,Urrbrae Agricultural High School,,,,,,,,,,,,,,,
ST CLAIR,Woodville High School,,,,,,,,,,,,,,,,
FINDON,Findon High School,Nazareth Catholic College - Primary Campus,,,,,,,,,,,,,,,
HENLEY BEACH,Henley High School,Fulham Gardens Primary School,Fulham North Primary School,Star of the Sea School,St Michael's College - Secondary Campus,,,,,,,,,,,,
SEMAPHORE SOUTH,Le Fevre High School,,,,,,,,,,,,,,,,
MARRYATVILLE,Marryatville High School,Loreto College,,,,,,,,,,,,,,,
MITCHELL PARK,Hamilton Secondary College,Sacred Heart College - Middle School Campus,Suneden Specialist School,,,,,,,,,,,,,,
ELIZABETH NORTH,Elizabeth North Primary School,,,,,,,,,,,,,,,,
WOODVILLE,The Grove Education Centre,,,,,,,,,,,,,,,,
RAUKKAN,Raukkan Aboriginal School,,,,,,,,,,,,,,,,
SEACOMBE HEIGHTS,Seaview High School,,,,,,,,,,,,,,,,
ELIZABETH GROVE,Elizabeth Grove Primary School,St Mary Magdalene's School,,,,,,,,,,,,,,,
KLEMZIG,Klemzig Primary School,,,,,,,,,,,,,,,,
WINDSOR GARDENS,Windsor Gardens School B-12,St Pius X School,,,,,,,,,,,,,,,
TAPEROO,Ocean View P-12 College,Adelaide West Special Education Centre,Our Lady of the Visitation School,,,,,,,,,,,,,,
LOCKLEYS,Lockleys North Primary School,St Francis School,,,,,,,,,,,,,,,
SEACLIFF,Seacliff Primary School,,,,,,,,,,,,,,,,
COOBER PEDY,Coober Pedy Area School,,,,,,,,,,,,,,,,
CHRISTIES BEACH,Christies Beach Primary School,St John the Apostle Catholic School,Bowden Brompton Community School - Beach Campus,,,,,,,,,,,,,,
ROSTREVOR,Stradbroke School,Norwood Morialta High School - Middle Campus - Morialta,,,,,,,,,,,,,,,
INGLE FARM,Ingle Farm East Primary School,Ingle Farm Primary School,North Ingle School,,,,,,,,,,,,,,
GLENUNGA,Glenunga International High School,,,,,,,,,,,,,,,,
CLOVELLY PARK,Clovelly Park Primary School,,,,,,,,,,,,,,,,
WARRADALE,Warradale Primary School,Christ the King School,,,,,,,,,,,,,,,
PARA HILLS,Para Hills School P-7,East Para Primary School,,,,,,,,,,,,,,,
ELIZABETH DOWNS,Elizabeth Downs Primary School,South Downs Primary School,,,,,,,,,,,,,,,
ELIZABETH PARK,Elizabeth Park Primary School,St Thomas More School,,,,,,,,,,,,,,,
ELIZABETH VALE,Elizabeth Vale Primary School,,,,,,,,,,,,,,,,
CLAPHAM,Clapham Primary School,,,,,,,,,,,,,,,,
KANGAROO INN,Kangaroo Inn Area School,,,,,,,,,,,,,,,,
MODBURY,Modbury High School,Modbury West School,,,,,,,,,,,,,,,
UNDERDALE,Underdale High School,,,,,,,,,,,,,,,,
VALE PARK,Vale Park Primary School,,,,,,,,,,,,,,,,
HECTORVILLE,East Torrens Primary School,St Joseph's School,,,,,,,,,,,,,,,
HAWTHORNDENE,Hawthorndene Primary School,,,,,,,,,,,,,,,,
PARADISE,Paradise Primary School,Adelaide East Education Centre,Charles Campbell College,Sunrise Christian School - Paradise Campus,,,,,,,,,,,,,
PASADENA,Pasadena High School,,,,,,,,,,,,,,,,
BLAKEVIEW,Craigmore High School,Blakeview Primary School,Trinity College Blakeview,Blakes Crossing Christian College,,,,,,,,,,,,,
DERNANCOURT,Dernancourt School R-7,,,,,,,,,,,,,,,,
BRAHMA LODGE,Brahma Lodge Primary School,,,,,,,,,,,,,,,,
SEAVIEW DOWNS,Seaview Downs Primary School,,,,,,,,,,,,,,,,
MAWSON LAKES,Mawson Lakes School,Endeavour College,,,,,,,,,,,,,,,
GILLES PLAINS,Wandana Primary School,St Paul's College,Pinnacle College - Gilles Plains Campus,,,,,,,,,,,,,,
KIDMAN PARK,Kidman Park Primary School,,,,,,,,,,,,,,,,
YALATA,Yalata Anangu School,,,,,,,,,,,,,,,,
AMATA,Amata Anangu School,,,,,,,,,,,,,,,,
KOONIBBA,Koonibba Aboriginal School,,,,,,,,,,,,,,,,
WEST BEACH,West Beach Primary School,,,,,,,,,,,,,,,,
GAWLER EAST,Gawler East Primary School,Immanuel Lutheran School,,,,,,,,,,,,,,,
OAK VALLEY,Oak Valley Aboriginal School,,,,,,,,,,,,,,,,
BANKSIA PARK,Banksia Park School R-7,Banksia Park International High School,,,,,,,,,,,,,,,
GHAN,Ernabella Anangu School,,,,,,,,,,,,,,,,
CAMPBELLTOWN,East Marden Primary School,,,,,,,,,,,,,,,,
REYNELLA,Reynella South Primary School,FAME - Flexible Accredited Meaningful Engagement - Reynella Campus,,,,,,,,,,,,,,,
PARA VISTA,Para Vista Primary School,Valley View Secondary School,Good Shepherd Lutheran School,"Prescott Primary School, Northern",,,,,,,,,,,,,
RIDGEHAVEN,Ridgehaven Primary School,,,,,,,,,,,,,,,,
SHEIDOW PARK,Woodend Primary School,Sheidow Park Primary School,St Martin de Porres School,,,,,,,,,,,,,,
O'SULLIVAN BEACH,O'Sullivan Beach Primary School,Southern Montessori School,Southern Montessori School - Karawatha Hall Campus,,,,,,,,,,,,,,
HACKHAM,Hackham East Primary School,,,,,,,,,,,,,,,,
HUNTFIELD HEIGHTS,Huntfield Heights Primary School,,,,,,,,,,,,,,,,
NOARLUNGA DOWNS,Noarlunga Downs Primary School,Cardijn College,,,,,,,,,,,,,,,
REDWOOD PARK,Redwood Park Primary School,,,,,,,,,,,,,,,,
ST AGNES,St Agnes Primary School,Ardtornish Primary School,,,,,,,,,,,,,,,
PARALOWIE,Paralowie School,Settlers Farm Campus R-7,Temple Christian College - Bethany Campus,Bethany Christian School Incorporated,,,,,,,,,,,,,
SURREY DOWNS,Surrey Downs R-7 School,,,,,,,,,,,,,,,,
FAIRVIEW PARK,Fairview Park Primary School,,,,,,,,,,,,,,,,
WIRRULLA,Miltaburra Area School,,,,,,,,,,,,,,,,
KARCULTABY,Karcultaby Area School,,,,,,,,,,,,,,,,
BELLEVUE HEIGHTS,Bellevue Heights Primary School,,,,,,,,,,,,,,,,
SALISBURY PARK,Salisbury Park Primary School,,,,,,,,,,,,,,,,
MANNUM,Mannum Community College,,,,,,,,,,,,,,,,
INDULKANA,Indulkana Anangu School,,,,,,,,,,,,,,,,
SALISBURY HEIGHTS,Salisbury Heights Primary School,,,,,,,,,,,,,,,,
SALISBURY DOWNS,Salisbury Downs Primary School,Riverdale Primary School,Thomas More College,,,,,,,,,,,,,,
FREGON,Fregon Anangu School,,,,,,,,,,,,,,,,
GULFVIEW HEIGHTS,Gulfview Heights Primary School,,,,,,,,,,,,,,,,
SEMAPHORE PARK,Westport Primary School,,,,,,,,,,,,,,,,
PORT NOARLUNGA SOUTH,Seaford K-7 Birth-Y7 Campus,,,,,,,,,,,,,,,,
GLENCOE,Glencoe Central Primary School,,,,,,,,,,,,,,,,
FLAGSTAFF HILL,Craigburn Primary School,Flagstaff Hill R-7 School,,,,,,,,,,,,,,,
WEST LAKES SHORE,West Lakes Shore School R-7,,,,,,,,,,,,,,,,
MARLESTON,Warriappendi School,,,,,,,,,,,,,,,,
NORTH HAVEN,North Haven School,,,,,,,,,,,,,,,,
BROMPTON,Bowden Brompton Community School,Immaculate Heart of Mary School,Bowden Brompton Community School - Torrens Road Campus,,,,,,,,,,,,,,
MODBURY HEIGHTS,The Heights School,,,,,,,,,,,,,,,,
BURRA,Burra Community School,,,,,,,,,,,,,,,,
CRAIGMORE,Craigmore South Primary School,Playford Primary School,Catherine McAuley School,Hope Christian College,,,,,,,,,,,,,
STIRLING NORTH,Stirling North Primary School,,,,,,,,,,,,,,,,
MUNNO PARA,Munno Para Primary School,,,,,,,,,,,,,,,,
MOONTA,Moonta Area School,,,,,,,,,,,,,,,,
PIPALYATJARA,Pipalyatjara Anangu School,,,,,,,,,,,,,,,,
MIMILI,Mimili Anangu School,,,,,,,,,,,,,,,,
KENMORE PARK,Kenmore Park Anangu School,,,,,,,,,,,,,,,,
WOODCROFT,Woodcroft Primary School,Emmaus Catholic School,,,,,,,,,,,,,,,
MINTABIE,Mintabie Area School,,,,,,,,,,,,,,,,
ROXBY DOWNS,Roxby Downs Area School,St Barbara's Parish School,,,,,,,,,,,,,,,
BURTON,Burton Primary School,,,,,,,,,,,,,,,,
SEAFORD RISE,Seaford Rise Primary School,,,,,,,,,,,,,,,,
GREENWITH,Greenwith Primary School,Our Lady of Hope School,,,,,,,,,,,,,,,
MURPUTJA,Murputja Anangu School,,,,,,,,,,,,,,,,
HEWETT,Hewett Primary School,,,,,,,,,,,,,,,,
ANDREWS FARM,St Columba College,,,,,,,,,,,,,,,,
GLENELG,St Mary's Memorial School,St Peter's Woodlands Grammar School,,,,,,,,,,,,,,,
SEMAPHORE,Dominican School,,,,,,,,,,,,,,,,
HOLDEN HILL,Kildare College,,,,,,,,,,,,,,,,
HOVE,Marymount College,,,,,,,,,,,,,,,,
SPRINGFIELD,Mercedes College,,,,,,,,,,,,,,,,
ROSEWATER,Mount Carmel College,,,,,,,,,,,,,,,,
WOODFORDE,Rostrevor College,,,,,,,,,,,,,,,,
WEST HINDMARSH,St Joseph's School,,,,,,,,,,,,,,,,
CUMBERLAND PARK,Cabra Dominican College,,,,,,,,,,,,,,,,
GAWLER BELT,Xavier College,,,,,,,,,,,,,,,,
ALBERT PARK,Our Lady Queen of Peace School,,,,,,,,,,,,,,,,
NEWTON,St Francis of Assisi School,,,,,,,,,,,,,,,,
CROYDON PARK,St Margaret Mary's School,,,,,,,,,,,,,,,,
EDWARDSTOWN,St Anthony's School,,,,,,,,,,,,,,,,
DULWICH,St Patrick's Special School,,,,,,,,,,,,,,,,
GLENGOWRIE,Our Lady of Grace School,,,,,,,,,,,,,,,,
KILBURN,St Brigid's School,Youth Education Centre - Flexicentre Campus (Kilburn),,,,,,,,,,,,,,,
MANSFIELD PARK,St Patrick's School,,,,,,,,,,,,,,,,
OTTOWAY,St Joseph's School,,,,,,,,,,,,,,,,
PAYNEHAM SOUTH,St Joseph's School,,,,,,,,,,,,,,,,
RICHMOND,Tenison Woods Catholic Primary School,St John's Catholic School,Richmond Primary School,,,,,,,,,,,,,,
ST MARYS,St Bernadette's School,Daws Road Centre,St Marys District School,,,,,,,,,,,,,,
TRANMERE,St Joseph's School,,,,,,,,,,,,,,,,
WOODVILLE PARK,Whitefriars School,,,,,,,,,,,,,,,,
OAKDEN,Heritage College,,,,,,,,,,,,,,,,
VERDUN,The Hills Christian Community School,,,,,,,,,,,,,,,,
HIGHGATE,Concordia College,Concordia College - St John's Campus,Highgate School,,,,,,,,,,,,,,
NOVAR GARDENS,Immanuel Primary School,Immanuel College,,,,,,,,,,,,,,,
ALDINGA BEACH,Southern Vales Christian College - Aldinga Campus,,,,,,,,,,,,,,,,
NORTHGATE,Cedar College,,,,,,,,,,,,,,,,
BLACKWOOD,St Peters Lutheran School,,,,,,,,,,,,,,,,
WAYVILLE,Annesley College,,,,,,,,,,,,,,,,
GLEN OSMOND,Seymour College,,,,,,,,,,,,,,,,
KENT TOWN,Prince Alfred College,,,,,,,,,,,,,,,,
ST PETERS,St Peter's College,East Adelaide School,,,,,,,,,,,,,,,
STONYFELL,St Peter's Collegiate Girls' School,,,,,,,,,,,,,,,,
TORRENS PARK,Scotch College - Torrens Park Campus,,,,,,,,,,,,,,,,
HYDE PARK,Walford Anglican School for Girls,,,,,,,,,,,,,,,,
MEDINDIE,Wilderness School,,,,,,,,,,,,,,,,
KENSINGTON PARK,Pembroke School - Middle School Campus,Pembroke School - Junior School Campus,Pembroke School - Senior School Campus,,,,,,,,,,,,,,
NEW PORT,Portside Christian College,,,,,,,,,,,,,,,,
MOUNT TORRENS,Spring Head Lutheran School,Domino Servite College,,,,,,,,,,,,,,,
BLAIR ATHOL,St Paul Lutheran School,Blair Athol North School B-7,,,,,,,,,,,,,,,
GLENELG EAST,Glenelg Primary School,,,,,,,,,,,,,,,,
PARNDANA,Kangaroo Island Community Education - Parndana Campus,,,,,,,,,,,,,,,,
GRANGE,Grange Primary School,,,,,,,,,,,,,,,,
DAVOREN PARK,Swallowcliffe School P-7,,,,,,,,,,,,,,,,
HACKHAM WEST,Hackham West R-7 School,,,,,,,,,,,,,,,,
WOODVILLE GARDENS,Woodville Gardens School B-7,,,,,,,,,,,,,,,,
REYNELLA EAST,Reynella East College,,,,,,,,,,,,,,,,
COORABIE,Coorabie Rural School - Annexe of Penong Primary School,,,,,,,,,,,,,,,,
GEPPS CROSS,Roma Mitchell Secondary College,Roma Mitchell Secondary College - Grand Junction Girls Campus,,,,,,,,,,,,,,,
FELIXSTOW,Felixstow Community School,,,,,,,,,,,,,,,,
MITCHAM,Scotch College - Mitcham Campus,,,,,,,,,,,,,,,,
ADELAIDE BC,Adelaide International School,,,,,,,,,,,,,,,,
ASHFORD,Aspect Treetop School,,,,,,,,,,,,,,,,
O'HALLORAN HILL,IQRA College,,,,,,,,,,,,,,,,
DAVERON PARK,Garden College - Elizabeth Campus,,,,,,,,,,,,,,,,
BELLERIVE,Corpus Christi Catholic School,The Cottage School,Bellerive Primary School,Clarence High School,,,,,,,,,,,,,
SANDY BAY,Fahan School,The Hutchins School,Princes Street Primary School,Waimea Heights Primary School,Mount Carmel College,Sandy Bay Infant School,,,,,,,,,,,
LATROBE,Geneva Christian College,St Patrick's Catholic School,Latrobe Primary School,Latrobe High School,,,,,,,,,,,,,
CLAREMONT,Holy Rosary Catholic School,Oakwood School,Claremont College,Windermere Primary School,Austins Ferry Primary School,,,,,,,,,,,,
LENAH VALLEY,Immaculate Heart of Mary Catholic School,Lenah Valley Primary School,,,,,,,,,,,,,,,
LAUNCESTON,John Calvin School,Scotch Oakburn College,The Launceston Preparatory School,Sacred Heart Catholic School,Scotch Oakburn College - Elphin Campus,Launceston College,,,,,,,,,,,
ST LEONARDS,Larmenier Catholic School,St Leonards Primary School,,,,,,,,,,,,,,,
MOWBRAY,Launceston Church Grammar School,Mowbray Heights Primary School,,,,,,,,,,,,,,,
CYGNET,St James Catholic College,Cygnet Primary School,,,,,,,,,,,,,,,
DEVONPORT,Our Lady of Lourdes Catholic School,Reece High School,Devonport High School,Devonport Primary School,Hillcrest Primary School,Nixon Street Primary School,St Brendan-Shaw College,Don College,,,,,,,,,
DELORAINE,Our Lady of Mercy Catholic School,Deloraine High School,Deloraine Primary School,Giant Steps Tasmania,Ashley School,,,,,,,,,,,,
ULVERSTONE,Sacred Heart Catholic School,Leighland Christian School,Ulverstone High School,East Ulverstone Primary School,Ulverstone Primary School,,,,,,,,,,,,
GEEVESTON,Sacred Heart Catholic School,Geeveston Primary School,,,,,,,,,,,,,,,
KINGSTON BEACH,St Aloysius Catholic College - Kingston Beach Campus,,,,,,,,,,,,,,,,
RIVERSIDE,St Anthony's Catholic School,Launceston Christian School,Riverside High School,Riverside Primary School,,,,,,,,,,,,,
SMITHTON,St Peter Chanel Catholic School,Circular Head Christian School,Smithton High School,Smithton Primary School,,,,,,,,,,,,,
NEW NORFOLK,St Brigid's Catholic School,New Norfolk High School,Fairview Primary School,New Norfolk Primary School,,,,,,,,,,,,,
WYNYARD,St Brigid's Catholic School,Wynyard High School,Table Cape Primary School,,,,,,,,,,,,,,
LINDISFARNE,St Cuthbert's Catholic School,Lindisfarne Primary School,,,,,,,,,,,,,,,
HOBART,St Mary's College,St Michael's Collegiate School,St Virgil's College - St Virgil's Junior School,Guilford Young College - Hobart Campus,St Michael's Collegiate School - Middle School Campus,St Michael's Collegiate School - Junior School Campus,,,,,,,,,,,
MOONAH,St Therese's Catholic School,Bowen Road Primary School,Goodwood Primary School,,,,,,,,,,,,,,
WEST MOONAH,Hilliard Christian School,Springfield Gardens Primary School,,,,,,,,,,,,,,,
GEORGE TOWN,Star of the Sea Catholic College,Port Dalrymple School,South George Town Primary School,,,,,,,,,,,,,,
BURNIE,Stella Maris Catholic School,School of Special Education North West,Marist Regional College,Hellyer College,,,,,,,,,,,,,
NORTH HOBART,The Friends' School,Campbell Street Primary School,Elizabeth College,The Friends' School - Argyle Street Campus,Lambert School,,,,,,,,,,,,
PENGUIN,North West Christian School,Penguin District School,,,,,,,,,,,,,,,
CLARENDON VALE,John Paul II Catholic School,Clarendon Vale Primary School,,,,,,,,,,,,,,,
WARRANE,Eastside Lutheran College,Warrane Primary School,,,,,,,,,,,,,,,
NEWSTEAD,St Thomas More's Catholic School,Punchbowl Primary School,Newstead Christian School,Oakwood School - Launceston Campus,Newstead College,,,,,,,,,,,,
KINGSTON,Southern Christian College,Kingston High School,Kingston Primary School,Calvin Christian School,Calvin Christian School - Secondary Campus,,,,,,,,,,,,
ROCHERLEA,Brooks High School,,,,,,,,,,,,,,,,
WHITEMARK,Flinders Island District High School,,,,,,,,,,,,,,,,
LILYDALE,Lilydale District School,,,,,,,,,,,,,,,,
RAVENSWOOD,Ravenswood Heights Primary School,Northern Support School,,,,,,,,,,,,,,,
SCOTTSDALE,Scottsdale High School,Scottsdale Primary School,,,,,,,,,,,,,,,
ROMAINE,Parklands High School,Romaine Park Primary School,,,,,,,,,,,,,,,
GLENORCHY,Cosgrove High School,Dominic College,Guilford Young College,Glenorchy Primary School,,,,,,,,,,,,,
DOVER,Dover District School,,,,,,,,,,,,,,,,
HUONVILLE,Huonville High School,Huonville Primary School,,,,,,,,,,,,,,,
ROKEBY,Bayview Secondary College,Rokeby Primary School,Emmanuel Christian School,,,,,,,,,,,,,,
BOTHWELL,Bothwell District High School,,,,,,,,,,,,,,,,
GLENORA,Glenora District School,,,,,,,,,,,,,,,,
OATLANDS,Oatlands District High School,,,,,,,,,,,,,,,,
OUSE,Ouse District School,,,,,,,,,,,,,,,,
ST HELENS,St Helens District High School,,,,,,,,,,,,,,,,
TRIABUNNA,Triabunna District School,,,,,,,,,,,,,,,,
COOEE,Burnie High School,Cooee Primary School,,,,,,,,,,,,,,,
CAMPBELL TOWN,Campbell Town District High School,,,,,,,,,,,,,,,,
CRESSY,Cressy District High School,,,,,,,,,,,,,,,,
DUNALLEY,Dunalley Primary School,,,,,,,,,,,,,,,,
EXETER,Exeter High School,Exeter Primary School,,,,,,,,,,,,,,,
CURRIE,King Island District High School,,,,,,,,,,,,,,,,
KINGS MEADOWS,Kings Meadows High School,,,,,,,,,,,,,,,,
NEW TOWN,Ogilvie High School,New Town High School,New Town Primary School,Sacred Heart College,,,,,,,,,,,,,
SORELL,Sorell School,,,,,,,,,,,,,,,,
TAROONA,Taroona High School,Taroona Primary School,,,,,,,,,,,,,,,
NUBEENA,Tasman District School,,,,,,,,,,,,,,,,
WINNALEAH,Winnaleah District High School,,,,,,,,,,,,,,,,
WOODBRIDGE,Woodbridge School,,,,,,,,,,,,,,,,
YOLLA,Yolla District High School,,,,,,,,,,,,,,,,
INVERMAY,Invermay Primary School,St Finn Barr's Catholic Primary School,Launceston Big Picture School,,,,,,,,,,,,,,
ROSE BAY,Rose Bay High School,,,,,,,,,,,,,,,,
BATTERY POINT,Albuera Street Primary School,,,,,,,,,,,,,,,,
WEST HOBART,Goulburn Street Primary School,Lansdowne Crescent Primary School,,,,,,,,,,,,,,,
MOUNT STUART,Mount Stuart Primary School,,,,,,,,,,,,,,,,
SOUTH HOBART,South Hobart Primary School,,,,,,,,,,,,,,,,
MOUNT NELSON,Mount Nelson Primary School,Hobart College,,,,,,,,,,,,,,,
DERWENT PARK,Moonah Primary School,Tasmanian eSchool,,,,,,,,,,,,,,,
ROSETTA,Rosetta Primary School,Montrose Bay High School,,,,,,,,,,,,,,,
COLLINSVALE,Collinsvale Primary School,,,,,,,,,,,,,,,,
GEILSTON BAY,Lindisfarne North Primary School,Australian Christian College Tasmania - Hobart Campus,,,,,,,,,,,,,,,
RISDON VALE,Risdon Vale Primary School,,,,,,,,,,,,,,,,
HOWRAH,Howrah Primary School,Southern Support School,,,,,,,,,,,,,,,
MONTAGU BAY,Montagu Bay Primary School,,,,,,,,,,,,,,,,
LAUDERDALE,Lauderdale Primary School,,,,,,,,,,,,,,,,
SOUTH ARM,South Arm Primary School,,,,,,,,,,,,,,,,
CAMPANIA,Campania District School,,,,,,,,,,,,,,,,
GLEN HUON,Glen Huon Primary School,,,,,,,,,,,,,,,,
FRANKLIN,Franklin Primary School,,,,,,,,,,,,,,,,
BLACKMANS BAY,Blackmans Bay Primary School,Illawarra Primary School,,,,,,,,,,,,,,,
MARGATE,Margate Primary School,Channel Christian School,,,,,,,,,,,,,,,
SNUG,Snug Primary School,,,,,,,,,,,,,,,,
ALONNAH,Bruny Island District School,,,,,,,,,,,,,,,,
CAMBRIDGE,Cambridge Primary School,,,,,,,,,,,,,,,,
EVANDALE,Evandale Primary School,,,,,,,,,,,,,,,,
AVOCA,Avoca Primary School,,,,,,,,,,,,,,,,
BICHENO,Bicheno Primary School,,,,,,,,,,,,,,,,
EAST LAUNCESTON,East Launceston Primary School,Launceston Church Grammar School - Junior Campus,,,,,,,,,,,,,,,
SOUTH LAUNCESTON,Glen Dhu Primary School,,,,,,,,,,,,,,,,
SUMMERHILL,Summerdale Primary School,,,,,,,,,,,,,,,,
TREVALLYN,Trevallyn Primary School,,,,,,,,,,,,,,,,
WAVERLEY,Waverley Primary School,,,,,,,,,,,,,,,,
WEST LAUNCESTON,West Launceston Primary School,,,,,,,,,,,,,,,,
YOUNGTOWN,Youngtown Primary School,,,,,,,,,,,,,,,,
BRIDPORT,Bridport Primary School,,,,,,,,,,,,,,,,
RINGAROOMA,Ringarooma Primary School,,,,,,,,,,,,,,,,
HAGLEY,Hagley Farm Primary School,,,,,,,,,,,,,,,,
ORFORD,Orford Primary School,,,,,,,,,,,,,,,,
SWANSEA,Swansea Primary School,,,,,,,,,,,,,,,,
BRACKNELL,Bracknell Primary School,,,,,,,,,,,,,,,,
PERTH,Perth Primary School,,,,,,,,,,,,,,,,
LONGFORD,Longford Primary School,,,,,,,,,,,,,,,,
WESTBURY,Westbury Primary School,,,,,,,,,,,,,,,,
MOLE CREEK,Mole Creek Primary School,,,,,,,,,,,,,,,,
SHEFFIELD,Sheffield School,,,,,,,,,,,,,,,,
SASSAFRAS,Sassafras Primary School,,,,,,,,,,,,,,,,
EAST DEVONPORT,East Devonport Primary School,Oakwood School - Devonport Campus,,,,,,,,,,,,,,,
FORTH,Forth Primary School,,,,,,,,,,,,,,,,
MIANDETTA,Miandetta Primary School,,,,,,,,,,,,,,,,
SPREYTON,Spreyton Primary School,,,,,,,,,,,,,,,,
WILMOT,Wilmot Primary School,,,,,,,,,,,,,,,,
SPRENT,Sprent Primary School,,,,,,,,,,,,,,,,
WEST ULVERSTONE,West Ulverstone Primary School,,,,,,,,,,,,,,,,
RIANA,Riana Primary School,,,,,,,,,,,,,,,,
PARK GROVE,Burnie Primary School,,,,,,,,,,,,,,,,
MONTELLO,Montello Primary School,,,,,,,,,,,,,,,,
BOAT HARBOUR,Boat Harbour Primary School,,,,,,,,,,,,,,,,
HAVENVIEW,Havenview Primary School,,,,,,,,,,,,,,,,
NATONE,Natone Primary School,,,,,,,,,,,,,,,,
RIDGLEY,Ridgley Primary School,,,,,,,,,,,,,,,,
EDITH CREEK,Edith Creek Primary School,,,,,,,,,,,,,,,,
FOREST,Forest Primary School,,,,,,,,,,,,,,,,
REDPA,Redpa Primary School,,,,,,,,,,,,,,,,
STANLEY,Stanley Primary School,,,,,,,,,,,,,,,,
BAGDAD,Bagdad Primary School,,,,,,,,,,,,,,,,
KEMPTON,Kempton Primary School,,,,,,,,,,,,,,,,
MOLESWORTH,Molesworth Primary School,,,,,,,,,,,,,,,,
WESTERWAY,Westerway Primary School,,,,,,,,,,,,,,,,
STRAHAN,Strahan Primary School,,,,,,,,,,,,,,,,
ZEEHAN,Zeehan Primary School,,,,,,,,,,,,,,,,
HUNTINGFIELD,Tarremah Steiner School,St Aloysius Catholic College,,,,,,,,,,,,,,,
SOMERSET,Australian Christian College Tasmania - Burnie Campus,Somerset Primary School,,,,,,,,,,,,,,,
MORNINGTON,MacKillop Catholic College,,,,,,,,,,,,,,,,
DON,Devonport Christian School,,,,,,,,,,,,,,,,
DODGES FERRY,Dodges Ferry Primary School,,,,,,,,,,,,,,,,
BEACONSFIELD,Beaconsfield Primary School,,,,,,,,,,,,,,,,
AUSTINS FERRY,St Virgil's College,,,,,,,,,,,,,,,,
NICHOLLS RIVULE,Peregrine,,,,,,,,,,,,,,,,
CAPE BARREN ISLAND,Cape Barren Island School,,,,,,,,,,,,,,,,
STOWPORT,Leighland Christian School - Burnie Campus,,,,,,,,,,,,,,,,
NEWNHAM,Australian Christian College Tasmania - Launceston Campus,,,,,,,,,,,,,,,,
ROSNY PARK,Rosny College,,,,,,,,,,,,,,,,
GAGEBROOK,JRLF - Gagebrook Primary School,,,,,,,,,,,,,,,,
HERDSMANS COVE,JRLF - Herdsmans Cove Primary School,,,,,,,,,,,,,,,,
PORT SORELL,Port Sorell Primary School,,,,,,,,,,,,,,,,
WESLEY VALE,Andrews Creek Primary School,,,,,,,,,,,,,,,,
MAYFIELD,East Tamar Primary School,,,,,,,,,,,,,,,,
CHIGWELL,St Francis Flexible Learning Centre,,,,,,,,,,,,,,,,
FINGAL,Scotch Oakburn College - Valley Campus,,,,,,,,,,,,,,,,
GRASSY,Ballarat Clarendon College - King Island Campus,,,,,,,,,,,,,,,,
TOLMANS HILL,St Michael's Collegiate School - Sports Campus,,,,,,,,,,,,,,,,
POATINA,Capstone College,,,,,,,,,,,,,,,,
